/Services/ArticleEditor/ArticleEditorSessionService.php	addons/content/src/Services/ArticleEditor/ArticleEditorSessionService.php
/Services/WordPressArticleContentService.php	addons/wordpress/src/Services/WordPressArticleContentService.php
/Console/RepairContentProjectActiveExecutionsCommand.php	addons/content-projects/src/Console/RepairContentProjectActiveExecutionsCommand.php
/Jobs/ManualWordPressSyncJob.php	addons/wordpress/src/Jobs/ManualWordPressSyncJob.php
/Services/KeywordIntelligence/KeywordTopicalMapToContentProjectConverter.php	addons/search-intelligence/src/Services/KeywordIntelligence/KeywordTopicalMapToContentProjectConverter.php
/Services/ArticlePromptRunHistoryService.php	addons/ai-prompt/src/Services/ArticlePromptRunHistoryService.php
/Http/Controllers/Api/V1/ContentProjectApiController.php	addons/content-projects/src/Http/Controllers/Api/V1/ContentProjectApiController.php
/Services/SeoMediaArticleSlugFixService.php	addons/media/src/Services/SeoMediaArticleSlugFixService.php
/Services/ProductGallery/ProductGalleryPromptsDoctorService.php	addons/commerce/src/Services/ProductGallery/ProductGalleryPromptsDoctorService.php
/Console/ProductGalleryParentChildCanaryCommand.php	addons/media/src/Console/ProductGalleryParentChildCanaryCommand.php
/Services/RunEngine/ContentProjectRunEngine.php	addons/content-projects/src/Services/RunEngine/ContentProjectRunEngine.php
/Services/SerpIntelligence/SerpCollectionOperationService.php	addons/search-intelligence/src/Services/SerpIntelligence/SerpCollectionOperationService.php
/Console/BackfillArticleFeaturedImageProjectionCommand.php	addons/media/src/Console/BackfillArticleFeaturedImageProjectionCommand.php
/PromptHooks/Runtime/PromptHookExplicitBindingExecutor.php	addons/ai-prompt/src/PromptHooks/Runtime/PromptHookExplicitBindingExecutor.php
/Services/ContentProject/ContentProjectLegacyExecutionHydrateService.php	addons/content-projects/src/Services/ContentProject/ContentProjectLegacyExecutionHydrateService.php
/Services/WorkflowExistingAiOutputService.php	addons/ai-prompt/src/Services/WorkflowExistingAiOutputService.php
/Console/ArticleEditorDocumentBackfillCommand.php	addons/content/src/Console/ArticleEditorDocumentBackfillCommand.php
/Services/ContentProject/Application/Capabilities/ContentProjectCapabilityRegistry.php	addons/content-projects/src/Services/ContentProject/Application/Capabilities/ContentProjectCapabilityRegistry.php
/Support/CreateArticleWorkflowNotification.php	addons/content-projects/src/Support/CreateArticleWorkflowNotification.php
/Services/TeamChatNotificationService.php	addons/content/src/Services/TeamChatNotificationService.php
/Services/ContentProject/LegacyContentProjectItemHydrator.php	addons/content-projects/src/Services/ContentProject/LegacyContentProjectItemHydrator.php
/Support/ArticleListSeoSummary.php	addons/content/src/Support/ArticleListSeoSummary.php
/Automation/BusinessHook/Services/AutomationGraphExecutionService.php	addons/agent/src/Automation/BusinessHook/Services/AutomationGraphExecutionService.php
/Services/ContentProject/ContentProjectPublishingQueueRunner.php	addons/content-projects/src/Services/ContentProject/ContentProjectPublishingQueueRunner.php
/Services/PromptTestPublishService.php	addons/ai-prompt/src/Services/PromptTestPublishService.php
/Services/ContentProject/ContentProjectRunBulkSyncService.php	addons/content-projects/src/Services/ContentProject/ContentProjectRunBulkSyncService.php
/Services/ContentProject/Application/Handlers/BlockProjectItemGenerationHandler.php	addons/content-projects/src/Services/ContentProject/Application/Handlers/BlockProjectItemGenerationHandler.php
/Jobs/SyncArticleToWordPressFromQueueJob.php	addons/wordpress/src/Jobs/SyncArticleToWordPressFromQueueJob.php
/Console/WorkflowDoctorCommand.php	addons/content-projects/src/Console/WorkflowDoctorCommand.php
/Services/ArticleEditorBundleApplyService.php	addons/content/src/Services/ArticleEditorBundleApplyService.php
/Services/PromptOwnership/DefaultImprovePromptInstaller.php	addons/ai-prompt/src/Services/PromptOwnership/DefaultImprovePromptInstaller.php
/Services/ArticleMediaLocalService.php	addons/media/src/Services/ArticleMediaLocalService.php
/Filament/Pages/SeoPerformanceHub.php	addons/search-intelligence/src/Filament/Pages/SeoPerformanceHub.php
/Services/ArticleWritingExecutionService.php	addons/content/src/Services/ArticleWritingExecutionService.php
/Services/ArticlePostImagesService.php	addons/media/src/Services/ArticlePostImagesService.php
/Console/AgentCapabilitiesAuditCommand.php	addons/agent/src/Console/AgentCapabilitiesAuditCommand.php
/Services/ArticleEditorPersistService.php	addons/content/src/Services/ArticleEditorPersistService.php
/Console/InstallBuiltinAgentEvaluationsCommand.php	addons/agent/src/Console/InstallBuiltinAgentEvaluationsCommand.php
/Services/ContentProject/Application/Handlers/ProcessScheduledProjectItemPublishHandler.php	addons/content-projects/src/Services/ContentProject/Application/Handlers/ProcessScheduledProjectItemPublishHandler.php
/Filament/Resources/ArticleResource.php	addons/content/src/Filament/Resources/ArticleResource.php
/Services/ScheduledArticlePublishRunner.php	addons/publishing/src/Services/ScheduledArticlePublishRunner.php
/Services/ArticleEditorReadinessService.php	addons/content/src/Services/ArticleEditorReadinessService.php
/Support/ArticleFeaturedImageStatus.php	addons/content/src/Support/ArticleFeaturedImageStatus.php
/Services/ArticleEditor/Document/ArticleEditorDocumentWriter.php	addons/content/src/Services/ArticleEditor/Document/ArticleEditorDocumentWriter.php
/Http/Controllers/ArticleEditorMediaSnapshotController.php	addons/media/src/Http/Controllers/ArticleEditorMediaSnapshotController.php
/Services/ContentProject/ContentProjectActiveExecutionRepairService.php	addons/content-projects/src/Services/ContentProject/ContentProjectActiveExecutionRepairService.php
/Automation/Migration/ProjectArticleContentCallerBridge.php	addons/agent/src/Automation/Migration/ProjectArticleContentCallerBridge.php
/Automation/Migration/ProjectArticleCreateCallerBridge.php	addons/agent/src/Automation/Migration/ProjectArticleCreateCallerBridge.php
/Services/ArticleScheduleReconcileService.php	addons/publishing/src/Services/ArticleScheduleReconcileService.php
/Services/ArticleEditor/ArticleEditorMediaMutationService.php	addons/content/src/Services/ArticleEditor/ArticleEditorMediaMutationService.php
/Http/Controllers/SeoMediaController.php	addons/media/src/Http/Controllers/SeoMediaController.php
/Jobs/AnalyzeArticleSeoJob.php	addons/content/src/Jobs/AnalyzeArticleSeoJob.php
/Services/WordPressAttachmentMetaUpdateService.php	addons/wordpress/src/Services/WordPressAttachmentMetaUpdateService.php
/Services/ContentProject/ContentProjectDashboardStatsService.php	addons/content-projects/src/Services/ContentProject/ContentProjectDashboardStatsService.php
/Services/SeoAnalyzerService.php	addons/seo/src/Services/SeoAnalyzerService.php
/Services/ContentProject/Application/Handlers/SendToPublishingQueueHandler.php	addons/content-projects/src/Services/ContentProject/Application/Handlers/SendToPublishingQueueHandler.php
/Http/Controllers/WorkspaceMediaPickerController.php	addons/media/src/Http/Controllers/WorkspaceMediaPickerController.php
/Services/SeoProjectWorkflowStepRetryService.php	addons/content-projects/src/Services/SeoProjectWorkflowStepRetryService.php
/Services/ArticleEditor/ArticleEditorMediaSnapshotService.php	addons/content/src/Services/ArticleEditor/ArticleEditorMediaSnapshotService.php
/Filament/Resources/SeoProjectResource/Concerns/InteractsWithContentProjectPublishingActions.php	addons/content-projects/src/Filament/Resources/SeoProjectResource/Concerns/InteractsWithContentProjectPublishingActions.php
/Services/ContentProject/ContentProjectItemOperationsReadModel.php	addons/content-projects/src/Services/ContentProject/ContentProjectItemOperationsReadModel.php
/Services/ContentProject/Application/Handlers/AddContentProjectItemsHandler.php	addons/content-projects/src/Services/ContentProject/Application/Handlers/AddContentProjectItemsHandler.php
/Support/ArticleFeaturedImageSource.php	addons/content/src/Support/ArticleFeaturedImageSource.php
/Services/SeoAuditKeywordFlagService.php	addons/seo/src/Services/SeoAuditKeywordFlagService.php
/Filament/Resources/ArticleResource/Pages/EditArticle.php	addons/content/src/Filament/Resources/ArticleResource/Pages/EditArticle.php
/Support/ArticleListDiagnostics.php	addons/content/src/Support/ArticleListDiagnostics.php
/Console/AgentV1DoctorCommand.php	addons/agent/src/Console/AgentV1DoctorCommand.php
/Services/WordPress/SyncArticleToWordPressPipeline.php	addons/wordpress/src/Services/SyncArticleToWordPressPipeline.php
/Services/ArticleEditorHtmlSanitizeService.php	addons/content/src/Services/ArticleEditorHtmlSanitizeService.php
/Services/ArticleWritingStableHealthService.php	addons/content/src/Services/ArticleWritingStableHealthService.php
/Filament/Pages/KeywordIntelligence/ViewKeywordWorkspace.php	addons/search-intelligence/src/Filament/Pages/KeywordIntelligence/ViewKeywordWorkspace.php
/Services/ContentProject/ContentProjectStepSourceValidator.php	addons/content-projects/src/Services/ContentProject/ContentProjectStepSourceValidator.php
/Services/SyncDomainContentService.php	addons/wordpress/src/Services/SyncDomainContentService.php
/Filament/Pages/SeoSettingsWorkflows.php	addons/seo/src/Filament/Pages/SeoSettingsWorkflows.php
/Filament/Resources/SeoProjectResource/Pages/ViewSeoProjectRun.php	addons/content-projects/src/Filament/Resources/SeoProjectResource/Pages/ViewSeoProjectRun.php
/Services/AgentWorkspace/Planning/Services/RegistryAgentModelRouter.php	addons/agent/src/Services/AgentWorkspace/Planning/Services/RegistryAgentModelRouter.php
/Services/ArticleGenerationInputResolver.php	addons/content-projects/src/Services/ArticleGenerationInputResolver.php
/Automation/BusinessHook/Services/AutomationRuleService.php	addons/agent/src/Automation/BusinessHook/Services/AutomationRuleService.php
/Filament/Resources/ArticleResource/Pages/ListArticles.php	addons/content/src/Filament/Resources/ArticleResource/Pages/ListArticles.php
/Filament/Resources/SeoProjectResource/Pages/ListSeoProjects.php	addons/content-projects/src/Filament/Resources/SeoProjectResource/Pages/ListSeoProjects.php
/Services/ArticleLastSavedTimestampService.php	addons/content/src/Services/ArticleLastSavedTimestampService.php
/PromptHooks/Runtime/PromptHookEditorCatalog.php	addons/ai-prompt/src/PromptHooks/Runtime/PromptHookEditorCatalog.php
/Services/SeoNotificationService.php	addons/seo/src/Services/SeoNotificationService.php
/Services/TaskWorkflowTestRunner.php	addons/ai-prompt/src/Services/TaskWorkflowTestRunner.php
/Services/AgentWorkspace/V1/AgentV1ReadinessService.php	addons/agent/src/Services/AgentWorkspace/V1/AgentV1ReadinessService.php
/Filament/Resources/SeoProjectResource/Pages/ViewSeoProject.php	addons/content-projects/src/Filament/Resources/SeoProjectResource/Pages/ViewSeoProject.php
/Services/ContentProject/ContentProjectPublishingQueueReadModel.php	addons/content-projects/src/Services/ContentProject/ContentProjectPublishingQueueReadModel.php
/Filament/Resources/SeoProjectResource.php	addons/content-projects/src/Filament/Resources/SeoProjectResource.php
/Services/ArticleImproveExecutionService.php	addons/content/src/Services/ArticleImproveExecutionService.php
/Services/ProductGallery/ProductGalleryParentChildDispatchService.php	addons/commerce/src/Services/ProductGallery/ProductGalleryParentChildDispatchService.php
/Services/WordPressArticleSyncService.php	addons/wordpress/src/Services/WordPressArticleSyncService.php
/Services/ArticleEditorMediaAiService.php	addons/media/src/Services/ArticleEditorMediaAiService.php
/Services/RunEngine/ContentProjectArticleRunner.php	addons/content-projects/src/Services/RunEngine/ContentProjectArticleRunner.php
/Filament/Pages/ArticlesOptimal.php	addons/content/src/Filament/Pages/ArticlesOptimal.php
/Services/KeywordIntelligence/KeywordToContentProjectConverter.php	addons/search-intelligence/src/Services/KeywordIntelligence/KeywordToContentProjectConverter.php
/Http/Controllers/ArticleEditorFaqSnapshotController.php	addons/content/src/Http/Controllers/ArticleEditorFaqSnapshotController.php
/Services/ContentProject/Application/Support/ContentProjectRerunEligibilityGuard.php	addons/content-projects/src/Services/ContentProject/Application/Support/ContentProjectRerunEligibilityGuard.php
/Services/SeoAuditScanService.php	addons/seo/src/Services/SeoAuditScanService.php
/Services/ContentProject/Application/Handlers/UnblockProjectItemGenerationHandler.php	addons/content-projects/src/Services/ContentProject/Application/Handlers/UnblockProjectItemGenerationHandler.php
/Console/ReportIsReviewedCutoverCommand.php	addons/commerce/src/Console/ReportIsReviewedCutoverCommand.php
/Services/ContentProject/Application/ContentProjectCommandBusRegistrar.php	addons/content-projects/src/Services/ContentProject/Application/ContentProjectCommandBusRegistrar.php
/Automation/BusinessHook/Actions/SyncArticleToWordPressHookAction.php	addons/agent/src/Automation/BusinessHook/Actions/SyncArticleToWordPressHookAction.php
/Console/PublishScheduledArticlesCommand.php	addons/publishing/src/Console/PublishScheduledArticlesCommand.php
/Filament/Resources/PromptResource.php	addons/ai-prompt/src/Filament/Resources/PromptResource.php
/Http/Middleware/SeoAuthenticate.php	addons/seo/src/Http/Middleware/SeoAuthenticate.php
/Support/ContentProject/ContentProjectItemStateResolver.php	addons/content-projects/src/Support/ContentProject/ContentProjectItemStateResolver.php
/Console/ReconcilePublishingQueueTasksCommand.php	addons/publishing/src/Console/ReconcilePublishingQueueTasksCommand.php
/Filament/Pages/MediaLibrary.php	addons/media/src/Filament/Pages/MediaLibrary.php
/Services/SeoProjectRunItemService.php	addons/content-projects/src/Services/SeoProjectRunItemService.php
/Services/SeoMediaLibraryService.php	addons/media/src/Services/SeoMediaLibraryService.php
/Automation/Migration/ProjectArticleSeoMetaCallerBridge.php	addons/agent/src/Automation/Migration/ProjectArticleSeoMetaCallerBridge.php
/Support/ArticleFeaturedImageResolver.php	addons/content/src/Support/ArticleFeaturedImageResolver.php
/Automation/Actions/Article/UpdateArticleContentAction.php	addons/agent/src/Automation/Actions/Article/UpdateArticleContentAction.php
/Services/TaskTestInputResolver.php	addons/ai-prompt/src/Services/TaskTestInputResolver.php
/Services/SeoProjectWorkflowStepCatalogService.php	addons/content-projects/src/Services/SeoProjectWorkflowStepCatalogService.php
/Filament/Resources/SeoProjectResource/Pages/ContentProjectPublishingQueue.php	addons/content-projects/src/Filament/Resources/SeoProjectResource/Pages/ContentProjectPublishingQueue.php
/Filament/Pages/PublishingQueueHub.php	addons/publishing/src/Filament/Pages/PublishingQueueHub.php
/Services/ProductReview/ArticleProductReviewStoreService.php	addons/commerce/src/Services/ProductReview/ArticleProductReviewStoreService.php
/Services/WordPress/ArticleWordPressBusinessSequence.php	addons/wordpress/src/Services/ArticleWordPressBusinessSequence.php
/Services/CreateArticlesFromTaskService.php	addons/content-projects/src/Services/CreateArticlesFromTaskService.php
/Automation/Modules/WordPress/WordPressAutomationModuleProvider.php	addons/agent/src/Automation/Modules/WordPress/WordPressAutomationModuleProvider.php
/Automation/Support/ArticleContentConflictGuard.php	addons/agent/src/Automation/Support/ArticleContentConflictGuard.php
/Services/ContentProject/ContentProjectPublishingQueueService.php	addons/content-projects/src/Services/ContentProject/ContentProjectPublishingQueueService.php
/Automation/BusinessHook/Seed/AutomationDefaultRulesSeeder.php	addons/agent/src/Automation/BusinessHook/Seed/AutomationDefaultRulesSeeder.php
/PromptHooks/PromptHookFormSchema.php	addons/ai-prompt/src/PromptHooks/PromptHookFormSchema.php
/Http/Controllers/ArticleMediaPickerController.php	addons/media/src/Http/Controllers/ArticleMediaPickerController.php
/Services/ArticlePipelineRerunService.php	addons/content-projects/src/Services/ArticlePipelineRerunService.php
/Automation/BusinessHook/Actions/PublishWordPressCommentReviewHookAction.php	addons/agent/src/Automation/BusinessHook/Actions/PublishWordPressCommentReviewHookAction.php
/Services/SeoProjectWorkflowRunService.php	addons/content-projects/src/Services/SeoProjectWorkflowRunService.php
/Support/ContentProject/ContentProjectItemActionGuard.php	addons/content-projects/src/Support/ContentProject/ContentProjectItemActionGuard.php
/Support/SeoAccessControl.php	addons/seo/src/Support/SeoAccessControl.php
/Automation/Actions/Article/UpdateArticleSeoMetaAction.php	addons/agent/src/Automation/Actions/Article/UpdateArticleSeoMetaAction.php
/Services/ContentProject/ContentProjectContentManagerHandoffService.php	addons/content-projects/src/Services/ContentProject/ContentProjectContentManagerHandoffService.php
/Services/ContentProject/Application/Handlers/RerunProjectItemStepHandler.php	addons/content-projects/src/Services/ContentProject/Application/Handlers/RerunProjectItemStepHandler.php
/Http/Controllers/ArticleEditorSyncController.php	addons/content/src/Http/Controllers/ArticleEditorSyncController.php
/Services/ContentProject/ContentProjectAutoScheduleService.php	addons/content-projects/src/Services/ContentProject/ContentProjectAutoScheduleService.php
/Services/ContentProject/ContentProjectGenerationRecoveryService.php	addons/content-projects/src/Services/ContentProject/ContentProjectGenerationRecoveryService.php
/Automation/BusinessHook/Services/AutomationExecutionService.php	addons/agent/src/Automation/BusinessHook/Services/AutomationExecutionService.php
/Services/ContentProject/Application/Handlers/BulkResyncPublishedArticlesToWordPressHandler.php	addons/content-projects/src/Services/ContentProject/Application/Handlers/BulkResyncPublishedArticlesToWordPressHandler.php
/Filament/Pages/AutomationOperationsDashboard.php	addons/search-foundation/src/Filament/Pages/AutomationOperationsDashboard.php
/Console/AssignWorkflowExecutionRolesCommand.php	addons/content-projects/src/Console/AssignWorkflowExecutionRolesCommand.php
/Services/ContentProject/ContentProjectDebugLifecycleOverrideService.php	addons/content-projects/src/Services/ContentProject/ContentProjectDebugLifecycleOverrideService.php
/Services/WordPressLocalMediaSyncService.php	addons/wordpress/src/Services/WordPressLocalMediaSyncService.php
/Filament/Pages/AgentWorkspacePage.php	addons/agent/src/Filament/Pages/AgentWorkspacePage.php
/Services/ArticleWritingLegacyRewriteAdapter.php	addons/content/src/Services/ArticleWritingLegacyRewriteAdapter.php
