/Automation/BusinessHook/Actions/	addons/agent/src/Automation/BusinessHook/Actions/
/PromptHooks/Runtime	addons/ai-prompt/src/PromptHooks/Runtime
/Automation/BusinessHook/Templates	addons/agent/src/Automation/BusinessHook/Templates
/resources/js	addons/content/resources/js
/Services/ContentProject/Application/Publishing	addons/content-projects/src/Services/ContentProject/Application/Publishing
/Services/ContentProjectStepRerunService.php	addons/content-projects/src/Services/ContentProjectStepRerunService.php
/PromptHooks/Canonical	addons/ai-prompt/src/PromptHooks/Canonical
/Services/AgentWorkspace/Skills	addons/agent/src/Services/AgentWorkspace/Skills
/Services/ContentProjectBulkRerunService.php	addons/content-projects/src/Services/ContentProjectBulkRerunService.php
/resources/css/global-ai-chat.css	addons/ai-prompt/resources/css/global-ai-chat.css
/resources/css/article-editor.css	addons/content/resources/css/article-editor.css
/Services/GscIntelligence	addons/search-intelligence/src/Services/GscIntelligence
/Services/AgentWorkspace/Execution/Rendering	addons/agent/src/Services/AgentWorkspace/Execution/Rendering
/Services/ContentProject/Application/Handlers	addons/content-projects/src/Services/ContentProject/Application/Handlers
/Services/GscIntelligence/Application/Handlers	addons/search-intelligence/src/Services/GscIntelligence/Application/Handlers
/Jobs/RerunArticlePipelineJob.php	addons/content/src/Jobs/RerunArticlePipelineJob.php
/Services/SerpIntelligence	addons/search-intelligence/src/Services/SerpIntelligence
/Services/SerpIntelligence/Application/Handlers	addons/search-intelligence/src/Services/SerpIntelligence/Application/Handlers
/PromptHooks/Output	addons/ai-prompt/src/PromptHooks/Output
/resources/css/agent-workspace.css	addons/agent/resources/css/agent-workspace.css
/PromptHooks/Provider	addons/ai-prompt/src/PromptHooks/Provider
/Services/KeywordIntelligence/Application/Handlers	addons/search-intelligence/src/Services/KeywordIntelligence/Application/Handlers
